,Model,LR,Batch,M Epochs,M training loss (MSE),M test loss (MSE),M std,M daily result,M training loss (MDN),M test loss (MDN),S Epochs,S training loss (MSE),S test loss (MSE),S std,S daily result,S training loss (MDN),S test loss (MDN)
0,2038.0,0.01,1.0,12.25,0.8294186813050304,1.78397384556857,0.08741564489901066,0.002581296685295025,0.0,0.0,2.8613807855648994,0.007517581555624654,0.004687832843121461,0.017960385338773043,0.0003013493789655766,0.0,0.0
1,0.0,0.01,1.0,8.0,0.8388251677669327,1.7786013890396464,0.09752733446657658,0.003191822292311089,0.0,0.0,8.366600265340756,0.0060971163718063475,0.0028598560422427653,0.020842213061456543,0.0004040198234314715,0.0,0.0
2,1.0,0.01,1.0,17.25,0.8490621159816611,1.7859365804628893,0.08874353393912315,0.003498668266448351,1.1552038526740567,1.605836586518721,9.41740410091868,0.0024557913938000357,0.0045827885951157,0.015557397606526632,0.0002984696823034389,0.004345306956870739,0.0021221767690355743
